sentiment,text
positive,"The FMCG industry in India is showing positive trends. Companies are focusing on expansion, innovation, and market growth. Recent developments indicate changes in consumer demand and regulatory environment. Experts suggest that the future outlook remains promising."
positive,"The EV market in India is showing positive trends. Companies are focusing on expansion, innovation, and market growth. Recent developments indicate changes in consumer demand and regulatory environment. Experts suggest that the future outlook remains strong."
negative,"The banking sector in India is showing negative trends. Companies are focusing on expansion, innovation, and market growth. Recent developments indicate changes in consumer demand and regulatory environment. Experts suggest that the future outlook remains uncertain."
positive,"The banking sector in India is showing positive trends. Companies are focusing on expansion, innovation, and market growth. Recent developments indicate changes in consumer demand and regulatory environment. Experts suggest that the future outlook remains strong."
negative,"The fintech in India is showing negative trends. Companies are focusing on expansion, innovation, and market growth. Recent developments indicate changes in consumer demand and regulatory environment. Experts suggest that the future outlook remains uncertain."
neutral,"The banking sector in India is showing neutral trends. Companies are focusing on expansion, innovation, and market growth. Recent developments indicate changes in consumer demand and regulatory environment. Experts suggest that the future outlook remains uncertain."
positive,"The fintech in India is showing positive trends. Companies are focusing on expansion, innovation, and market growth. Recent developments indicate changes in consumer demand and regulatory environment. Experts suggest that the future outlook remains promising."
positive,"The EV market in India is showing positive trends. Companies are focusing on expansion, innovation, and market growth. Recent developments indicate changes in consumer demand and regulatory environment. Experts suggest that the future outlook remains promising."
negative,"The banking sector in India is showing negative trends. Companies are focusing on expansion, innovation, and market growth. Recent developments indicate changes in consumer demand and regulatory environment. Experts suggest that the future outlook remains strong."
neutral,"The banking sector in India is showing neutral trends. Companies are focusing on expansion, innovation, and market growth. Recent developments indicate changes in consumer demand and regulatory environment. Experts suggest that the future outlook remains promising."
negative,"The renewable energy in India is showing negative trends. Companies are focusing on expansion, innovation, and market growth. Recent developments indicate changes in consumer demand and regulatory environment. Experts suggest that the future outlook remains promising."
negative,"The EV market in India is showing negative trends. Companies are focusing on expansion, innovation, and market growth. Recent developments indicate changes in consumer demand and regulatory environment. Experts suggest that the future outlook remains uncertain."
negative,"The banking sector in India is showing negative trends. Companies are focusing on expansion, innovation, and market growth. Recent developments indicate changes in consumer demand and regulatory environment. Experts suggest that the future outlook remains uncertain."
neutral,"The fintech in India is showing neutral trends. Companies are focusing on expansion, innovation, and market growth. Recent developments indicate changes in consumer demand and regulatory environment. Experts suggest that the future outlook remains uncertain."
negative,"The FMCG industry in India is showing negative trends. Companies are focusing on expansion, innovation, and market growth. Recent developments indicate changes in consumer demand and regulatory environment. Experts suggest that the future outlook remains strong."
neutral,"The fintech in India is showing neutral trends. Companies are focusing on expansion, innovation, and market growth. Recent developments indicate changes in consumer demand and regulatory environment. Experts suggest that the future outlook remains strong."
neutral,"The EV market in India is showing neutral trends. Companies are focusing on expansion, innovation, and market growth. Recent developments indicate changes in consumer demand and regulatory environment. Experts suggest that the future outlook remains uncertain."
positive,"The FMCG industry in India is showing positive trends. Companies are focusing on expansion, innovation, and market growth. Recent developments indicate changes in consumer demand and regulatory environment. Experts suggest that the future outlook remains promising."
positive,"The EV market in India is showing positive trends. Companies are focusing on expansion, innovation, and market growth. Recent developments indicate changes in consumer demand and regulatory environment. Experts suggest that the future outlook remains uncertain."
negative,"The FMCG industry in India is showing negative trends. Companies are focusing on expansion, innovation, and market growth. Recent developments indicate changes in consumer demand and regulatory environment. Experts suggest that the future outlook remains strong."
neutral,"The fintech in India is showing neutral trends. Companies are focusing on expansion, innovation, and market growth. Recent developments indicate changes in consumer demand and regulatory environment. Experts suggest that the future outlook remains promising."
neutral,"The renewable energy in India is showing neutral trends. Companies are focusing on expansion, innovation, and market growth. Recent developments indicate changes in consumer demand and regulatory environment. Experts suggest that the future outlook remains promising."
negative,"The banking sector in India is showing negative trends. Companies are focusing on expansion, innovation, and market growth. Recent developments indicate changes in consumer demand and regulatory environment. Experts suggest that the future outlook remains promising."
negative,"The renewable energy in India is showing negative trends. Companies are focusing on expansion, innovation, and market growth. Recent developments indicate changes in consumer demand and regulatory environment. Experts suggest that the future outlook remains promising."
neutral,"The fintech in India is showing neutral trends. Companies are focusing on expansion, innovation, and market growth. Recent developments indicate changes in consumer demand and regulatory environment. Experts suggest that the future outlook remains strong."
neutral,"The EV market in India is showing neutral trends. Companies are focusing on expansion, innovation, and market growth. Recent developments indicate changes in consumer demand and regulatory environment. Experts suggest that the future outlook remains uncertain."
negative,"The EV market in India is showing negative trends. Companies are focusing on expansion, innovation, and market growth. Recent developments indicate changes in consumer demand and regulatory environment. Experts suggest that the future outlook remains uncertain."
positive,"The banking sector in India is showing positive trends. Companies are focusing on expansion, innovation, and market growth. Recent developments indicate changes in consumer demand and regulatory environment. Experts suggest that the future outlook remains promising."
neutral,"The banking sector in India is showing neutral trends. Companies are focusing on expansion, innovation, and market growth. Recent developments indicate changes in consumer demand and regulatory environment. Experts suggest that the future outlook remains promising."
neutral,"The fintech in India is showing neutral trends. Companies are focusing on expansion, innovation, and market growth. Recent developments indicate changes in consumer demand and regulatory environment. Experts suggest that the future outlook remains strong."
neutral,"The EV market in India is showing neutral trends. Companies are focusing on expansion, innovation, and market growth. Recent developments indicate changes in consumer demand and regulatory environment. Experts suggest that the future outlook remains promising."
neutral,"The EV market in India is showing neutral trends. Companies are focusing on expansion, innovation, and market growth. Recent developments indicate changes in consumer demand and regulatory environment. Experts suggest that the future outlook remains strong."
neutral,"The renewable energy in India is showing neutral trends. Companies are focusing on expansion, innovation, and market growth. Recent developments indicate changes in consumer demand and regulatory environment. Experts suggest that the future outlook remains uncertain."
negative,"The fintech in India is showing negative trends. Companies are focusing on expansion, innovation, and market growth. Recent developments indicate changes in consumer demand and regulatory environment. Experts suggest that the future outlook remains strong."
positive,"The fintech in India is showing positive trends. Companies are focusing on expansion, innovation, and market growth. Recent developments indicate changes in consumer demand and regulatory environment. Experts suggest that the future outlook remains uncertain."
negative,"The fintech in India is showing negative trends. Companies are focusing on expansion, innovation, and market growth. Recent developments indicate changes in consumer demand and regulatory environment. Experts suggest that the future outlook remains promising."
neutral,"The FMCG industry in India is showing neutral trends. Companies are focusing on expansion, innovation, and market growth. Recent developments indicate changes in consumer demand and regulatory environment. Experts suggest that the future outlook remains strong."
negative,"The EV market in India is showing negative trends. Companies are focusing on expansion, innovation, and market growth. Recent developments indicate changes in consumer demand and regulatory environment. Experts suggest that the future outlook remains promising."
positive,"The fintech in India is showing positive trends. Companies are focusing on expansion, innovation, and market growth. Recent developments indicate changes in consumer demand and regulatory environment. Experts suggest that the future outlook remains uncertain."
negative,"The banking sector in India is showing negative trends. Companies are focusing on expansion, innovation, and market growth. Recent developments indicate changes in consumer demand and regulatory environment. Experts suggest that the future outlook remains promising."
positive,"The renewable energy in India is showing positive trends. Companies are focusing on expansion, innovation, and market growth. Recent developments indicate changes in consumer demand and regulatory environment. Experts suggest that the future outlook remains uncertain."
neutral,"The fintech in India is showing neutral trends. Companies are focusing on expansion, innovation, and market growth. Recent developments indicate changes in consumer demand and regulatory environment. Experts suggest that the future outlook remains uncertain."
negative,"The FMCG industry in India is showing negative trends. Companies are focusing on expansion, innovation, and market growth. Recent developments indicate changes in consumer demand and regulatory environment. Experts suggest that the future outlook remains strong."
neutral,"The FMCG industry in India is showing neutral trends. Companies are focusing on expansion, innovation, and market growth. Recent developments indicate changes in consumer demand and regulatory environment. Experts suggest that the future outlook remains promising."
neutral,"The banking sector in India is showing neutral trends. Companies are focusing on expansion, innovation, and market growth. Recent developments indicate changes in consumer demand and regulatory environment. Experts suggest that the future outlook remains strong."
neutral,"The fintech in India is showing neutral trends. Companies are focusing on expansion, innovation, and market growth. Recent developments indicate changes in consumer demand and regulatory environment. Experts suggest that the future outlook remains uncertain."
negative,"The FMCG industry in India is showing negative trends. Companies are focusing on expansion, innovation, and market growth. Recent developments indicate changes in consumer demand and regulatory environment. Experts suggest that the future outlook remains promising."
positive,"The EV market in India is showing positive trends. Companies are focusing on expansion, innovation, and market growth. Recent developments indicate changes in consumer demand and regulatory environment. Experts suggest that the future outlook remains strong."
neutral,"The EV market in India is showing neutral trends. Companies are focusing on expansion, innovation, and market growth. Recent developments indicate changes in consumer demand and regulatory environment. Experts suggest that the future outlook remains uncertain."
positive,"The banking sector in India is showing positive trends. Companies are focusing on expansion, innovation, and market growth. Recent developments indicate changes in consumer demand and regulatory environment. Experts suggest that the future outlook remains strong."
neutral,"The EV market in India is showing neutral trends. Companies are focusing on expansion, innovation, and market growth. Recent developments indicate changes in consumer demand and regulatory environment. Experts suggest that the future outlook remains strong."
positive,"The FMCG industry in India is showing positive trends. Companies are focusing on expansion, innovation, and market growth. Recent developments indicate changes in consumer demand and regulatory environment. Experts suggest that the future outlook remains strong."
neutral,"The FMCG industry in India is showing neutral trends. Companies are focusing on expansion, innovation, and market growth. Recent developments indicate changes in consumer demand and regulatory environment. Experts suggest that the future outlook remains promising."
neutral,"The fintech in India is showing neutral trends. Companies are focusing on expansion, innovation, and market growth. Recent developments indicate changes in consumer demand and regulatory environment. Experts suggest that the future outlook remains strong."
neutral,"The fintech in India is showing neutral trends. Companies are focusing on expansion, innovation, and market growth. Recent developments indicate changes in consumer demand and regulatory environment. Experts suggest that the future outlook remains strong."
neutral,"The renewable energy in India is showing neutral trends. Companies are focusing on expansion, innovation, and market growth. Recent developments indicate changes in consumer demand and regulatory environment. Experts suggest that the future outlook remains strong."
negative,"The renewable energy in India is showing negative trends. Companies are focusing on expansion, innovation, and market growth. Recent developments indicate changes in consumer demand and regulatory environment. Experts suggest that the future outlook remains promising."
neutral,"The banking sector in India is showing neutral trends. Companies are focusing on expansion, innovation, and market growth. Recent developments indicate changes in consumer demand and regulatory environment. Experts suggest that the future outlook remains promising."
neutral,"The renewable energy in India is showing neutral trends. Companies are focusing on expansion, innovation, and market growth. Recent developments indicate changes in consumer demand and regulatory environment. Experts suggest that the future outlook remains promising."
positive,"The EV market in India is showing positive trends. Companies are focusing on expansion, innovation, and market growth. Recent developments indicate changes in consumer demand and regulatory environment. Experts suggest that the future outlook remains strong."
neutral,"The fintech in India is showing neutral trends. Companies are focusing on expansion, innovation, and market growth. Recent developments indicate changes in consumer demand and regulatory environment. Experts suggest that the future outlook remains strong."
negative,"The EV market in India is showing negative trends. Companies are focusing on expansion, innovation, and market growth. Recent developments indicate changes in consumer demand and regulatory environment. Experts suggest that the future outlook remains uncertain."
negative,"The renewable energy in India is showing negative trends. Companies are focusing on expansion, innovation, and market growth. Recent developments indicate changes in consumer demand and regulatory environment. Experts suggest that the future outlook remains uncertain."
negative,"The EV market in India is showing negative trends. Companies are focusing on expansion, innovation, and market growth. Recent developments indicate changes in consumer demand and regulatory environment. Experts suggest that the future outlook remains strong."
positive,"The EV market in India is showing positive trends. Companies are focusing on expansion, innovation, and market growth. Recent developments indicate changes in consumer demand and regulatory environment. Experts suggest that the future outlook remains promising."
negative,"The banking sector in India is showing negative trends. Companies are focusing on expansion, innovation, and market growth. Recent developments indicate changes in consumer demand and regulatory environment. Experts suggest that the future outlook remains promising."
negative,"The fintech in India is showing negative trends. Companies are focusing on expansion, innovation, and market growth. Recent developments indicate changes in consumer demand and regulatory environment. Experts suggest that the future outlook remains strong."
neutral,"The FMCG industry in India is showing neutral trends. Companies are focusing on expansion, innovation, and market growth. Recent developments indicate changes in consumer demand and regulatory environment. Experts suggest that the future outlook remains promising."
negative,"The banking sector in India is showing negative trends. Companies are focusing on expansion, innovation, and market growth. Recent developments indicate changes in consumer demand and regulatory environment. Experts suggest that the future outlook remains uncertain."
positive,"The EV market in India is showing positive trends. Companies are focusing on expansion, innovation, and market growth. Recent developments indicate changes in consumer demand and regulatory environment. Experts suggest that the future outlook remains uncertain."
positive,"The fintech in India is showing positive trends. Companies are focusing on expansion, innovation, and market growth. Recent developments indicate changes in consumer demand and regulatory environment. Experts suggest that the future outlook remains strong."
negative,"The fintech in India is showing negative trends. Companies are focusing on expansion, innovation, and market growth. Recent developments indicate changes in consumer demand and regulatory environment. Experts suggest that the future outlook remains uncertain."
negative,"The fintech in India is showing negative trends. Companies are focusing on expansion, innovation, and market growth. Recent developments indicate changes in consumer demand and regulatory environment. Experts suggest that the future outlook remains promising."
neutral,"The fintech in India is showing neutral trends. Companies are focusing on expansion, innovation, and market growth. Recent developments indicate changes in consumer demand and regulatory environment. Experts suggest that the future outlook remains uncertain."
neutral,"The EV market in India is showing neutral trends. Companies are focusing on expansion, innovation, and market growth. Recent developments indicate changes in consumer demand and regulatory environment. Experts suggest that the future outlook remains promising."
negative,"The EV market in India is showing negative trends. Companies are focusing on expansion, innovation, and market growth. Recent developments indicate changes in consumer demand and regulatory environment. Experts suggest that the future outlook remains uncertain."
neutral,"The renewable energy in India is showing neutral trends. Companies are focusing on expansion, innovation, and market growth. Recent developments indicate changes in consumer demand and regulatory environment. Experts suggest that the future outlook remains strong."
negative,"The renewable energy in India is showing negative trends. Companies are focusing on expansion, innovation, and market growth. Recent developments indicate changes in consumer demand and regulatory environment. Experts suggest that the future outlook remains strong."
negative,"The FMCG industry in India is showing negative trends. Companies are focusing on expansion, innovation, and market growth. Recent developments indicate changes in consumer demand and regulatory environment. Experts suggest that the future outlook remains strong."
negative,"The FMCG industry in India is showing negative trends. Companies are focusing on expansion, innovation, and market growth. Recent developments indicate changes in consumer demand and regulatory environment. Experts suggest that the future outlook remains promising."
neutral,"The EV market in India is showing neutral trends. Companies are focusing on expansion, innovation, and market growth. Recent developments indicate changes in consumer demand and regulatory environment. Experts suggest that the future outlook remains uncertain."
negative,"The fintech in India is showing negative trends. Companies are focusing on expansion, innovation, and market growth. Recent developments indicate changes in consumer demand and regulatory environment. Experts suggest that the future outlook remains strong."
positive,"The banking sector in India is showing positive trends. Companies are focusing on expansion, innovation, and market growth. Recent developments indicate changes in consumer demand and regulatory environment. Experts suggest that the future outlook remains strong."
positive,"The FMCG industry in India is showing positive trends. Companies are focusing on expansion, innovation, and market growth. Recent developments indicate changes in consumer demand and regulatory environment. Experts suggest that the future outlook remains strong."
positive,"The FMCG industry in India is showing positive trends. Companies are focusing on expansion, innovation, and market growth. Recent developments indicate changes in consumer demand and regulatory environment. Experts suggest that the future outlook remains promising."
positive,"The renewable energy in India is showing positive trends. Companies are focusing on expansion, innovation, and market growth. Recent developments indicate changes in consumer demand and regulatory environment. Experts suggest that the future outlook remains promising."
neutral,"The fintech in India is showing neutral trends. Companies are focusing on expansion, innovation, and market growth. Recent developments indicate changes in consumer demand and regulatory environment. Experts suggest that the future outlook remains strong."
neutral,"The renewable energy in India is showing neutral trends. Companies are focusing on expansion, innovation, and market growth. Recent developments indicate changes in consumer demand and regulatory environment. Experts suggest that the future outlook remains strong."
negative,"The FMCG industry in India is showing negative trends. Companies are focusing on expansion, innovation, and market growth. Recent developments indicate changes in consumer demand and regulatory environment. Experts suggest that the future outlook remains uncertain."
neutral,"The FMCG industry in India is showing neutral trends. Companies are focusing on expansion, innovation, and market growth. Recent developments indicate changes in consumer demand and regulatory environment. Experts suggest that the future outlook remains promising."
positive,"The renewable energy in India is showing positive trends. Companies are focusing on expansion, innovation, and market growth. Recent developments indicate changes in consumer demand and regulatory environment. Experts suggest that the future outlook remains uncertain."
neutral,"The fintech in India is showing neutral trends. Companies are focusing on expansion, innovation, and market growth. Recent developments indicate changes in consumer demand and regulatory environment. Experts suggest that the future outlook remains uncertain."
positive,"The fintech in India is showing positive trends. Companies are focusing on expansion, innovation, and market growth. Recent developments indicate changes in consumer demand and regulatory environment. Experts suggest that the future outlook remains strong."
neutral,"The renewable energy in India is showing neutral trends. Companies are focusing on expansion, innovation, and market growth. Recent developments indicate changes in consumer demand and regulatory environment. Experts suggest that the future outlook remains strong."
negative,"The banking sector in India is showing negative trends. Companies are focusing on expansion, innovation, and market growth. Recent developments indicate changes in consumer demand and regulatory environment. Experts suggest that the future outlook remains uncertain."
negative,"The renewable energy in India is showing negative trends. Companies are focusing on expansion, innovation, and market growth. Recent developments indicate changes in consumer demand and regulatory environment. Experts suggest that the future outlook remains promising."
positive,"The EV market in India is showing positive trends. Companies are focusing on expansion, innovation, and market growth. Recent developments indicate changes in consumer demand and regulatory environment. Experts suggest that the future outlook remains promising."
positive,"The renewable energy in India is showing positive trends. Companies are focusing on expansion, innovation, and market growth. Recent developments indicate changes in consumer demand and regulatory environment. Experts suggest that the future outlook remains strong."
negative,"The banking sector in India is showing negative trends. Companies are focusing on expansion, innovation, and market growth. Recent developments indicate changes in consumer demand and regulatory environment. Experts suggest that the future outlook remains strong."
positive,"The banking sector in India is showing positive trends. Companies are focusing on expansion, innovation, and market growth. Recent developments indicate changes in consumer demand and regulatory environment. Experts suggest that the future outlook remains strong."
neutral,"The fintech in India is showing neutral trends. Companies are focusing on expansion, innovation, and market growth. Recent developments indicate changes in consumer demand and regulatory environment. Experts suggest that the future outlook remains strong."
positive,"The fintech in India is showing positive trends. Companies are focusing on expansion, innovation, and market growth. Recent developments indicate changes in consumer demand and regulatory environment. Experts suggest that the future outlook remains uncertain."
positive,"The FMCG industry in India is showing positive trends. Companies are focusing on expansion, innovation, and market growth. Recent developments indicate changes in consumer demand and regulatory environment. Experts suggest that the future outlook remains strong."
neutral,"The EV market in India is showing neutral trends. Companies are focusing on expansion, innovation, and market growth. Recent developments indicate changes in consumer demand and regulatory environment. Experts suggest that the future outlook remains promising."
negative,"The banking sector in India is showing negative trends. Companies are focusing on expansion, innovation, and market growth. Recent developments indicate changes in consumer demand and regulatory environment. Experts suggest that the future outlook remains strong."
neutral,"The EV market in India is showing neutral trends. Companies are focusing on expansion, innovation, and market growth. Recent developments indicate changes in consumer demand and regulatory environment. Experts suggest that the future outlook remains promising."
neutral,"The banking sector in India is showing neutral trends. Companies are focusing on expansion, innovation, and market growth. Recent developments indicate changes in consumer demand and regulatory environment. Experts suggest that the future outlook remains uncertain."
positive,"The renewable energy in India is showing positive trends. Companies are focusing on expansion, innovation, and market growth. Recent developments indicate changes in consumer demand and regulatory environment. Experts suggest that the future outlook remains strong."
negative,"The banking sector in India is showing negative trends. Companies are focusing on expansion, innovation, and market growth. Recent developments indicate changes in consumer demand and regulatory environment. Experts suggest that the future outlook remains promising."
neutral,"The FMCG industry in India is showing neutral trends. Companies are focusing on expansion, innovation, and market growth. Recent developments indicate changes in consumer demand and regulatory environment. Experts suggest that the future outlook remains uncertain."
neutral,"The renewable energy in India is showing neutral trends. Companies are focusing on expansion, innovation, and market growth. Recent developments indicate changes in consumer demand and regulatory environment. Experts suggest that the future outlook remains strong."
negative,"The EV market in India is showing negative trends. Companies are focusing on expansion, innovation, and market growth. Recent developments indicate changes in consumer demand and regulatory environment. Experts suggest that the future outlook remains promising."
neutral,"The EV market in India is showing neutral trends. Companies are focusing on expansion, innovation, and market growth. Recent developments indicate changes in consumer demand and regulatory environment. Experts suggest that the future outlook remains promising."
neutral,"The EV market in India is showing neutral trends. Companies are focusing on expansion, innovation, and market growth. Recent developments indicate changes in consumer demand and regulatory environment. Experts suggest that the future outlook remains promising."
neutral,"The FMCG industry in India is showing neutral trends. Companies are focusing on expansion, innovation, and market growth. Recent developments indicate changes in consumer demand and regulatory environment. Experts suggest that the future outlook remains promising."
positive,"The renewable energy in India is showing positive trends. Companies are focusing on expansion, innovation, and market growth. Recent developments indicate changes in consumer demand and regulatory environment. Experts suggest that the future outlook remains strong."
negative,"The EV market in India is showing negative trends. Companies are focusing on expansion, innovation, and market growth. Recent developments indicate changes in consumer demand and regulatory environment. Experts suggest that the future outlook remains promising."
negative,"The renewable energy in India is showing negative trends. Companies are focusing on expansion, innovation, and market growth. Recent developments indicate changes in consumer demand and regulatory environment. Experts suggest that the future outlook remains promising."
positive,"The EV market in India is showing positive trends. Companies are focusing on expansion, innovation, and market growth. Recent developments indicate changes in consumer demand and regulatory environment. Experts suggest that the future outlook remains strong."
negative,"The EV market in India is showing negative trends. Companies are focusing on expansion, innovation, and market growth. Recent developments indicate changes in consumer demand and regulatory environment. Experts suggest that the future outlook remains promising."
